"Bench","Max Cycles","Simulation Time (Seconds)","Throughput","Average Packet Delay"
"blackscholes","100000000","7464.926577751","0.000520833125","49.5251670100668"
"bodytrack","100000000","7221.619995203","0.000520833125","46.16667766667106"
"canneal","100000000","7460.553212668","0.00052083328125","49.48662974866298"
"fluidanimate","100000000","7455.065961966","0.00052083328125","49.537868253786826"
"freqmine","100000000","6012.563914563","0.000520833125","51.57980033192013"
"streamcluster","100000000","5895.774647148","0.000520833125","49.4963084985234"
"x264","100000000","6013.594536986","0.000520833125","52.000007500003"
