"Bench","Max Cycles","Simulation Time (Seconds)","Throughput","Average Packet Delay"
"blackscholes","100000","4.313910485","0.00052078125","51.73597359735974"
"bodytrack","100000","3.81228934","0.000520625","46.17767106842737"
"canneal","100000","4.241105209","0.000520625","52.00750300120048"
"fluidanimate","100000","4.179282873","0.000520625","51.56032412965186"
"freqmine","100000","3.007288481","0.00052078125","51.56945694569457"
"streamcluster","100000","3.218405443","0.00052078125","47.00450045004501"
"x264","100000","3.002155956","0.000520625","52.00750300120048"
